Alliance,Countries,Entity,Id,Inflation..Most.recent.year,Regime type,Regimenarrowcat,Black.market.exchange.rates,Capital.controls,Centralized.collective.bargaining,Conscription,Controls.of.the.movement.of.capital.and.people,Credit.market.regulations,Economic.Freedom.Summary.Index,Electdem Vdem Owid,Financial.Openness,Freedom.to.own.foreign.currency.bank.accounts,Freedom.to.trade.Internationally,Gender.Legal.Rights.Adjustment,Government.consumption,Government.investment,Hours.Regulations,Impartial.courts,Impartial.Public.Administration,Indiv Libs Vdem Owid,Integrity.of.the.legal.system,Interest.rate.controls.negative.real.interest.rates.,Judicial.independence,Labor.market.regulations,Legal.enforcement.of.contracts,Legal.System...Property.Rights,Libdem Vdem Owid,Money.growth,Ownership.of.banks,Private.sector.credit,Regulation,Revenue.from.trade.taxes....of.trade.sector.,Size.of.Government,Sound.Money,Standard.deviation.of.inflation,State.ownership.of.assets,Tariffs,Transfers.and.subsidies
not a US ally,,Afghanistan,1,8.649355650,Monarchy,8,6.300111610,1.699655149,5.897546240,2.392233801,2.336803744,5.316401485,5.506573450,0.16,3.065907186,2.897600819,4.499966653,0.680524250,6.393604068,5.519733925,5.932563684,6.079327553,4.887145703,0.266,4.405145444,7.439855686,5.105874921,4.700103457,5.444572998,4.434642598,0.104,8.437480015,3.212626030,6.896901145,4.776903203,4.834430917,6.041385460,7.157305589,8.036588244,5.025106460,4.754259419,8.740967084
not a US ally,Albania,Albania,2,8.268595749,Single-party rule,4,0,0,4.220652291,0,0,-1.128498850,3.713221801,0.173,0.553209222,0,0.948870782,1,3.170575228,-0.627520191,4.846848448,8.43,1.75,0.006,5.24,6.791736800,3.7,4.215714160,5.306406600,5.79,0.055,7.076990472,-1.193845359,2.474679398,3.230020565,1.441352390,2.378598506,5.228337831,5.976894815,0.18,1.181993671,8.262925738
not a US ally,Algeria,Algeria,3,8.92,Military rule,7,0,0,5.540452025,3,0,0,4.68,0.084,0,0,2.182805029,0.53,5.54,7.32,6.185717556,5.87,3.91,0.428,4.25,6.790804908,3.77,4.572434509,4.577184886,3.54,0.065,7.48,0,5.632514221,3.63,2.538643489,5.11,6.44,9.35,2.49,2.433870921,9.322153726
not a US ally,Angola,Angola,4,7.416371565,unknown,NA,5.159398666,0.489725674,4.641345689,0.536242786,0.944823241,2.778420335,4.547753629,0.01,1.416549682,2.032278126,3.456590420,0.47,6.109552552,4.949295508,5.671837925,7.42,2.37,0.024,2.38,5.849106046,5.05,3.955813275,4.977996882,3.64,0.035,6.770166010,1.404067046,5.706777460,3.778725131,4.666203831,5.434621553,5.501005390,6.086807463,3.18,4.322304898,8.385527439
US ally,Argentina,Argentina,5,8.84,Military rule,7,10,2,5.18,0,3.98,6.98,5.98,0.105,5.97,10,7.136346621,0.41,7.93,8.187807876,5.72,7.1,2.42,0.354,3.42,6.902559631,5.4,3.63,5.75,3.82,0.086,5.96,5,8.96,5.31,8.166829447,7.04,7.75,6.22,6.15,7.885423309,8.006017676
not a US ally,Armenia,Armenia,6,8.790984500,Single-party rule,4,2.585925351,0.840821758,6.120053271,3.102853108,1.495686253,2.667147547,4.543789664,0.102,2.262425928,2.158906492,2.247583087,0.82,6.061647287,2.974573467,5.976917411,5.055526372,3.191818770,0.094,3.235105970,7.300524195,3.22,5.022988686,4.362271304,3.581965779,0.024,8.070735674,0.121847318,5.245814320,4.010850387,1.981033724,5.071439032,6.635294040,7.152537121,3.267025655,1.910843341,9.695219305
US ally,Australia,Australia,7,8.9,Democracy,0,10,2,5.18,0,3.08,7.92,7.56,0.86,4.16,10,6.87,0.88,6.17,10,5.321900097,8.9,9.76,0.98,7.79,10,8.46,4.346862035,8,7.8,0.807,9.81,8,5.77,5.72,7.53,7.85,9.58,9.61,7.38,7.53,6.968283263
not a US ally,Austria,Austria,8,9.05,Democracy,0,10,2,4.49,0,3.24,7.16,6.61,0.843,4.49,5,7.17,0.59,5.45,7.82,5.01,8.59,8.06,0.949,7.31,8,7.57,3.17,8.25,6.3,0.728,9.74,5,8.47,5.16,8.27,6.03,8.38,9.71,4.78,8.27,6.07
not a US ally,Azerbaijan,Azerbaijan,9,8.789475987,Single-party rule,4,2.637311682,0.860598986,6.118530410,3.112879683,1.513859583,2.715618227,4.562496736,0.102,2.279964068,2.170524142,2.284015375,0.82,6.062737950,3.009095744,5.973362671,5.083933166,3.231986899,0.094,3.264760754,7.306056970,3.26,5.023542869,4.386047782,3.608955283,0.024,8.078884443,0.182449173,5.271232866,4.029371576,2.025846743,5.083456670,6.644988195,7.169225724,3.295890425,1.955873797,9.676493048
not a US ally,Bahrain,Bahrain,10,9.67,unknown,NA,10.122702461,2,6.308790889,-1.105165897,2,10,5.990742190,0.024,3.669849858,3.519277888,6.088644898,0.35,7.066136385,7.644777744,6.602107864,4.494401036,5.16,0.449,4.01,8.432797969,4.29,3.916456352,5.140193316,2.81,,9.752809304,3.542682426,10,4.570042528,6.122320987,7.220192766,9.56,9.44,2.55,6.210918357,9.231391419
not a US ally,Bangladesh,Bangladesh,11,9.9,Military rule,7,4.526005929,0,5.331745420,-1.028314749,0,0,4.619361554,0.168,1.798737970,1.153490137,3.075663579,0.65,4.661760771,2.657809726,5.851836616,4.07,4.257823190,0.383,3.69,8.120341782,5.9,3.833183993,4.927320916,3.75,0.09,8.931886065,0,5.017861465,3.492101445,2.987257882,4.400812127,8.46,7.01,3.079495839,2.985709013,9.111140286
US ally,Barbados,Barbados,12,8.53,Democracy,0,7.974649173,0,6.592550034,5.376781409,0,9.55,6.455934771,0.726,2.109549057,-0.257028235,5.154900154,0.82,7,8.358428504,6.430459674,7.87,7.78,0.904,6.53,7.104124870,8.31,5.911355590,6.508444611,6.9,0.618,8.27,7.148305770,9.55,6.444295615,6.6,7.74,8.63,9.08,6.89,6.6,9.34
not a US ally,Belarus,Belarus,13,8.803429729,Single-party rule,4,2.161988119,0.677659630,6.132616880,3.020133862,1.345756284,2.267264440,4.389456324,0.102,2.117736273,2.063060884,1.947016708,0.82,6.052649322,2.689764678,6.006244017,4.821170323,2.860431709,0.094,2.990454006,7.254878800,2.89,5.018416681,4.166115357,3.359302372,0.024,8.003508322,-0.378117985,5.036111315,3.858050577,1.611326319,4.972293517,6.555317259,7.014856145,3.028891308,1.539342077,9.849710930
US ally,Belgium,Belgium,14,9.09,Democracy,0,10,10,4.49,1,9.17,8.46,7.54,0.85,8.34,10,9.63,0.41,6.39,10,3.34,8.67,9.53,0.983,7.3,10,7.48,2.94,8.25,5.59,0.773,9.75,10,5.38,5.7,9.73,7.11,9.64,9.72,7.58,9.73,4.48
not a US ally,Benin,Benin,15,8.99,Other oligarchy,10,9.6,0,6.090020448,-0.580228064,0,4.88,5.31,0.179,1.024672157,0,4.330180792,0.29,8.74,8.178908383,7.028214706,3.47,3.6,0.543,4.86,6.776798606,4.56,4.311149948,4.522273085,2.78,0.115,8.69,0,9.76,4.71,4.994204905,7.01,6.74,9.3,5.28,4.954928355,9.509775522
not a US ally,Bhutan,Bhutan,16,8.828453179,Monarchy,8,4.105498330,2.122968315,6.093023792,5.052526232,2.555166913,5.087453265,5.607973086,0.045,3.289374810,2.416731619,3.843274312,1,5.509465105,3.746842377,5.520838568,7.32,6.32,0.586,5.51,7.858003933,5.87,5.434355936,6.040569311,6.23,0.126,8.648260187,3.659970222,6.124786278,5.292891201,3.881698528,5.117596357,7.143348146,8.143579688,4.31,3.851084191,8.477631120
US ally,Bolivia,Bolivia,17,9.23,Military rule,7,2.2,2,7.000755176,3,4.59,3.34,5.21,0.111,7.17,10,3.13,0.47,6.983456445,3.843184888,6.096461071,3.65,2.51,0.134,1.75,8.812064819,3.01,4.624503729,3.888631457,2.06,0.028,8.73,0.128059319,3.34,3.96,2.6,7.54,9.34,9.4,5.21,2.6,9.88
not a US ally,Bosnia and Herzegovina,Bosnia and Herzegovina,18,8.800789831,Single-party rule,4,2.251914199,0.712269779,6.129951872,3.037680369,1.377559611,2.352088129,4.422193699,0.094,2.148428018,2.083391770,2.010773213,0.82,6.054557981,2.750178664,6.000023222,4.870882212,2.930725934,0.617,3.042349878,7.264561157,2.96,5.019386501,4.207724195,3.406534004,0.12,8.017768669,-0.272064739,5.080593771,3.890462658,1.689749102,4.993324384,6.572282031,7.044061201,3.079404654,1.618145375,9.816939979
not a US ally,Botswana,Botswana,19,9.78,Democracy,0,10.880596530,2.121602515,5.647376428,-1.424002757,2.834063202,7.230574457,6.430365548,0.634,3.758538648,2.967905657,6.940798504,0.29,5.58,7.231649908,6.051460597,7.85,8.49,0.812,5.99,8.819915191,7.25,3.651316659,6.454884693,4.55,0.511,10.048345321,5.255683751,8.251447443,4.988732733,7.384265793,6.71,9.64,9.49,4.82,7.465352510,9.74
US ally,Brazil,Brazil,20,6.58,Military rule,7,7.2,0,5.18,3,0,6.44,5.01,0.177,0,5,4.27,0.47,7.59,8.025792871,6.017848547,3.76,2.19,0.169,3.07,6,5.28,4.373153641,6,3.33,0.082,5.06,5,8.33,4.96,5.6,6.61,5.89,6.92,5.91,5.6,5.93
not a US ally,Bulgaria,Bulgaria,21,8.422695037,Single-party rule,4,0,0,4.270167352,0,0,0,3.952432534,0.177,0.600880003,0,1.518464133,0.88,3.356874018,0.234994977,4.996591182,8.18,4.78,0.126,3.85,6.936951489,4.72,4.080577271,5.450926895,5.25,0.058,7.414896687,0,3.081828758,3.27,2.089787734,2.770963493,5.505692926,6.497493655,0.25,1.861725815,8.190056614
not a US ally,Burkina Faso,Burkina Faso,22,9.308005893,Military rule,7,8.277643028,0.906413849,5.277659705,-1.577379007,1.485033089,4.879020637,5.486627251,0.177,2.304749844,1.622579859,5.115880735,0.47,5.545061932,5.766251900,6.039817882,4.96,6.51,0.592,5.2,7.933972779,5.26,3.636680355,5.675449058,3.78,0.128,9.175731838,2.941246415,6.980927530,4.232079603,5.664911379,5.779819769,7.576619605,9.111555012,4.31,5.640117600,8.435353379
not a US ally,Burundi,Burundi,23,8.96,Military rule,7,5.4,0,6.887920847,2.356991033,0.83,3.15,5.84,0.083,1.66,2.010316221,3.329555111,0.65,8.78,5.637123895,6.740238717,2.97,1.76,0.242,4.04,7.622913504,4.59,5.098605329,4.115792479,3.19,0.072,9.15,2,4.3,3.83,2.927058992,7.5,8.85,8.43,6.22,2.983120663,10.217605132
not a US ally,Cambodia,Cambodia,24,9.476308964,unknown,99,4.759956519,2.310529343,6.852165732,3.628939753,3.274083211,4.847355895,5.412654205,0.157,4.206013464,4.379651507,3.883852301,0.88,6.607653352,4.206647145,6.096712282,5.29,5.62,0.484,2.87,8.383625835,2.75,5.170669360,4.709586085,3.43,0.083,8.963023528,1.773719006,6.419503407,4.651903620,3.149482489,5.900459743,8.003266928,8.277027948,5.66,3.218626330,9.781509768
not a US ally,Cameroon,Cameroon,25,8.42,Personalist rule,6,9.6,0,5.174269511,-1.214682410,1.13,0,4.677234838,0.158,2.26,0,3.781160128,0.47,7.49,5.781422561,6.249178372,4.4,4.63,0.283,2.81,6.570436452,3.6,3.731219122,4.521860230,2.65,0.071,8.11,0,6.490655213,3.601075820,4.550694739,6.18,5.84,6.82,4.88,4.363326977,9.063596006
US ally,Canada,Canada,26,9.04,Democracy,0,10,8,7.24,10,9,9.07,8.03,0.82,10,10,9.13,0.94,3.77,7.98,5.1,9.46,8.79,0.942,6.79,10,8.02,7.45,8.25,7.89,0.738,9.11,10,7.2,8.26,8.4,5.38,9.49,9.81,7.37,8.4,7.79
not a US ally,Cabo Verde,Cape Verde,27,7.855270635,unknown,NA,2.550537207,-0.500848039,4.834648777,0.793509722,-0.158080743,1.056007030,3.922886643,0.025,0.384684214,0.306949677,1.737371948,0.59,5.510778488,2.977212702,5.776744783,5.73,1.76,0.096,2.46,6.020510857,5.01,4.232251952,4.424878000,3.5,0.032,7.027289023,-0.574832296,4.611957587,3.335481004,2.474620129,4.574781089,5.272048101,6.110852724,1.16,2.199375346,9.009457945
not a US ally,Central African Republic,Central African Republic,28,9.1,Military rule,7,9.6,0,5.257068418,-2.412829358,0.3,0,4.600185191,0.091,0.6,0,3.613700024,0.53,5.32,5.371873430,6.408871390,2.81,3.15,0.188,2.47,7.081905915,4.12,3.525491683,4.400283777,2.4,0.038,8.64,0,6.380955665,3.364852251,4.123262495,5.93,6.25,7.27,6.55,4.025746305,9.303561397
not a US ally,Chad,Chad,29,9.23,Personalist rule,6,9.6,0,5.285184115,-1.591382831,1.13,5.362472552,5.489720143,0.192,2.26,0,5.141897722,0.53,4.8,6.633051794,6.227827470,7.45,4.86,0.287,2.94,7.517937373,4.38,3.692264906,5.587183382,3.76,0.089,8.82,3.258161666,7.461952582,4.311396601,5.924491163,6.29,6.87,9.42,7.78,5.869647112,8.456996792
US ally,Chile,Chile,30,1.86,Democracy,2,0.2,2,3.863311274,3,1,4.495145378,4.51,0.606,0,10,1.93,0.35,7.2,7.192246563,5.106826203,7.97,7.57,0.765,4.85,3.829972376,5.64,4.360750274,5.5,4.05,0.466,4.36,4.533251512,6.546071234,4.740993886,9.2,6.11,5.94,7.54,5.19,4.6,5.94
not a US ally,China,China,31,9.06,Single-party rule,4,2,0,4.49,0,0,0,3.878030695,0.067,0.720517413,0,1.348514822,0.88,3.862922663,0.472631582,5.435421667,7.83,1.46,0.018,3.38,7.364979629,3.05,4.087226567,4.25,4.35,0.025,7.967161482,0,3.392089769,3.22,1.428652869,3.188231602,5.82,8.4,0.19,1.304844851,8.974631945
US ally,Colombia,Colombia,32,8.02,Democracy,2,7.8,0,6.414522260,3,0,7.016501724,5.53,0.354,0,0,4.13,0.76,8.43,5.97,6.707664443,5.28,4.47,0.485,3.74,6.377600397,6.06,5.487378942,5.25,4.48,0.248,8.07,4.115744639,8.391183817,5.295887407,4.6,7.24,6.27,8.98,7.32,4.6,9.159400156
not a US ally,Comoros,Comoros,33,8.637162252,unknown,NA,6.462318818,1.636393248,5.867812200,2.109634986,2.289692130,5.282591656,5.480339908,0.123,3.018512389,2.910219109,4.531315531,0.65,6.452246926,5.639955468,5.967904431,5.944379733,4.750249066,0.171,4.286315362,7.399800595,5.013469983,4.622462407,5.380680691,4.280035142,0.062,8.414524875,3.122222384,6.936561603,4.710163019,4.891642552,6.101433529,7.148242231,8.018855759,5.044407916,4.806493827,8.768887233
not a US ally,"Congo, Rep.",Congo,34,9.26,Military rule,7,9.6,0,5.339881670,-3.116476231,1.13,0,5.04,0.086,2.26,0,5.2,0.47,6.71,5.382698930,6.409723438,2.98,1.87,0.134,1.68,7.419776327,3.71,3.264491396,4.197635637,2.05,0.024,8.49,0,6.352613335,3.165352059,4.88,6.34,6.58,8.56,2.56,4.88,9.74
US ally,Costa Rica,Costa Rica,35,8.54,Democracy,2,10,5,7.410280814,7.725469058,6.09,9.68,7.74,0.743,7.17,10,7.78,0.88,7.48,7.825665651,5.706686557,6.93,8.39,0.909,7.08,8.849484636,7.74,6.035147302,6.860887014,6.82,0.655,9.3,10,9.36,7.13,7.27,7.75,9.24,9.11,5.96,7.27,9.81
not a US ally,Cote d'Ivoire,Cote d'Ivoire,36,9.4,Personalist rule,6,9.6,0,5.254778754,0,1.13,4.431696163,5.253440926,0.178,2.26,0,4.508825484,0.47,6.13,4.28,6.076484070,5.06,6.13,0.59,4.64,7.642594513,5.44,3.786902070,5.505520948,3.71,0.145,8.61,2.491003517,6.734092028,4.144636836,5.096951790,4.93,6.81,9.22,4.37,5.050723149,8.548136835
not a US ally,Croatia,Croatia,37,8.821154752,Single-party rule,4,1.558198729,0.445277205,6.150510504,2.902321602,1.132219660,1.697733953,4.169648232,0.094,1.911663128,1.926553503,1.518937321,0.82,6.039834037,2.284127919,6.048012214,4.487390496,2.388456197,0.617,2.642010300,7.189868692,2.42,5.011905038,3.886741737,3.042175700,0.12,7.907760275,-1.090189782,4.737443399,3.640426606,1.084773347,4.831086270,6.441410935,6.818765059,2.689730267,1.010234216,10.069744456
not a US ally,,Cuba,38,8.649355650,Single-party rule,4,6.300111610,1.699655149,5.897546240,2.392233801,2.336803744,5.316401485,5.506573450,0.069,3.065907186,2.897600819,4.499966653,0.680524250,6.393604068,5.519733925,5.932563684,6.079327553,4.887145703,0.195,4.405145444,7.439855686,5.105874921,4.700103457,5.444572998,4.434642598,0.034,8.437480015,3.212626030,6.896901145,4.776903203,4.834430917,6.041385460,7.157305589,8.036588244,5.025106460,4.754259419,8.740967084
not a US ally,Cyprus,Cyprus,39,9.52,Personalist rule,6,9.8,0,6.453710755,3.581561044,0.83,8.54,5.81,0.482,1.66,0,5.61,0.88,7.226854621,7.572000256,6.534611945,6.47,4.53,0.577,4.92,8,5.74,5.409032006,5.747517157,5.37,0.356,9.248643931,5.137340228,9.08,6.1,6.2,7.21,4.76,9.242899222,5.33,6.2,9.08
not a US ally,Czech Republic,Czechia,40,8.665728326,Single-party rule,4,2.314335749,0,4.232453403,0,0,0,4.115237126,0.132,1.214662840,0.985182314,2.275654933,0.82,3.469190483,0.757965159,5.041287256,5.91,3.55,0.23,3.31,7.266998351,3.83,3.644505815,7.75,4.74,0.046,7.585278474,0,3.356956254,3.07,2.787603703,3.031694802,5.986119654,6.749828470,0.43,2.579938980,8.205806999
not a US ally,"Congo, Dem. Rep.",Democratic Republic of Congo,41,9.34,Military rule,7,6.2,2,5.937851448,3,1.83,3.44,4.06,0.111,1.66,10,2.68,0.24,7.21,4.478915874,6.019658373,3.76,2.15,0.104,1.45,6.113680066,2.58,4.579141078,3.329258126,1.6,0.03,6.74,0,6.88,3.99,0,5.53,6.52,0,3.85,0,10.047396573
US ally,Denmark,Denmark,42,8.33,Democracy,0,10,5,5.18,3,4.58,9,6.79,0.905,4.16,0,7.77,1,3.74,1.06,4.13,9.81,9.93,0.992,8.45,8,8.54,4.1,8.75,8.89,0.879,9.28,10,6.882238023,6.55,8.73,3.91,6.83,9.72,6.93,8.73,5.895486300
not a US ally,Djibouti,Djibouti,43,8.637162252,unknown,NA,6.462318818,1.636393248,5.867812200,2.109634986,2.289692130,5.282591656,5.480339908,0.105,3.018512389,2.910219109,4.531315531,0.65,6.452246926,5.639955468,5.967904431,5.944379733,4.750249066,0.058,4.286315362,7.399800595,5.013469983,4.622462407,5.380680691,4.280035142,0.036,8.414524875,3.122222384,6.936561603,4.710163019,4.891642552,6.101433529,7.148242231,8.018855759,5.044407916,4.806493827,8.768887233
US ally,Dominican Republic,Dominican Republic,44,9.58,Democracy,2,5.6,2,7.332709932,3,1.83,6.73,4.99,0.269,1.66,0,2.48,0.47,7.9,9.23,7.186316674,3.87,2.78,0.317,2.78,7.121410076,3.81,5.586105923,3.794302506,2.56,0.084,8.84,1.727583338,6.73,4.57,0,8.46,6.89,9.14,7.11,0,9.59
not a US ally,,East Germany,45,8.649355650,Single-party rule,4,6.300111610,1.699655149,5.897546240,2.392233801,2.336803744,5.316401485,5.506573450,0.169,3.065907186,2.897600819,4.499966653,0.680524250,6.393604068,5.519733925,5.932563684,6.079327553,4.887145703,0.346,4.405145444,7.439855686,5.105874921,4.700103457,5.444572998,4.434642598,0.064,8.437480015,3.212626030,6.896901145,4.776903203,4.834430917,6.041385460,7.157305589,8.036588244,5.025106460,4.754259419,8.740967084
US ally,Ecuador,Ecuador,46,8.17,Personalist rule,6,5.6,2,6.991155422,0,4.28,5.32,5,0.293,6.57,0,3.43,0.53,8.01,8.6,6.716112365,4.52,2.02,0.504,2.34,7.511017183,4.6,5.150308229,5,3.15,0.091,9.3,1.701963230,5.32,3.7,0.4,8.06,6.69,9.28,7.57,0.4,10.215304326
not a US ally,"Egypt, Arab Rep.",Egypt,47,9.56,Military rule,7,0,0,5.610155931,0,0,3.146652457,4.742973668,0.193,0,0,2.985833635,0.41,3.71,3.852816636,6.291255596,4.49,4.56,0.43,4.5,7.912586925,4.78,4.109608386,5.25,3.36,0.148,9.81,0.742543801,5.951346083,3.795692637,3.043878197,4.79,7.21,9.47,5.87,3.091543685,9.264484513
US ally,El Salvador,El Salvador,48,9.03,Military rule,7,6.4,2,7.630891353,3,1.83,9.89,5.48,0.188,1.66,0,3.99,0.88,8.12,7.670178374,7.154202144,3.74,3.46,0.106,2.43,7.438423200,4.96,5.962545552,4.420412662,3.49,0.066,9.84,3.519900563,9.89,5.22,3.73,7.67,7.01,9.16,7.23,3.73,10.277013826
not a US ally,,Equatorial Guinea,49,8.649355650,Personalist rule,6,6.300111610,1.699655149,5.897546240,2.392233801,2.336803744,5.316401485,5.506573450,0.171,3.065907186,2.897600819,4.499966653,0.680524250,6.393604068,5.519733925,5.932563684,6.079327553,4.887145703,0.003,4.405145444,7.439855686,5.105874921,4.700103457,5.444572998,4.434642598,0.021,8.437480015,3.212626030,6.896901145,4.776903203,4.834430917,6.041385460,7.157305589,8.036588244,5.025106460,4.754259419,8.740967084
not a US ally,,Eritrea,50,8.649355650,Monarchy,8,6.300111610,1.699655149,5.897546240,2.392233801,2.336803744,5.316401485,5.506573450,0.083,3.065907186,2.897600819,4.499966653,0.680524250,6.393604068,5.519733925,5.932563684,6.079327553,4.887145703,0.118,4.405145444,7.439855686,5.105874921,4.700103457,5.444572998,4.434642598,0.023,8.437480015,3.212626030,6.896901145,4.776903203,4.834430917,6.041385460,7.157305589,8.036588244,5.025106460,4.754259419,8.740967084
not a US ally,Estonia,Estonia,51,8.702359384,unknown,99,5.604872305,2.002733885,6.030585152,3.691914407,2.563369370,5.514799979,5.642830122,0.102,3.292791652,2.841443399,4.387980026,0.82,6.125723710,5.002757264,5.768076427,6.724425508,5.551696329,0.094,4.977324503,7.625574735,5.57,5.055546902,5.759139405,5.167599138,0.024,8.549475907,3.682206299,6.739153899,5.098970245,4.613798583,5.777475271,7.204825660,8.132992553,4.962830857,4.556382647,8.595051674
not a US ally,Eswatini,Eswatini,52,7.101357861,Monarchy,8,7.229492699,0.283665945,5.032379401,0.881231727,0.734370547,5.010238023,4.967672608,0.209,1.167257055,1.468339491,4.209221528,0.41,7.443773820,10,6.195214288,6.57,3.32,0.38,3.49,5.371803460,4.22,4.222332859,4.963383421,3.36,0.138,6.965193618,2.996624038,7.426966343,4.316124224,5.752398758,6.87,5.500494303,6.559903882,3.74,5.410879866,8.478425107
not a US ally,Ethiopia,Ethiopia,53,8.316048561,Monarchy,8,4.954944301,0.708922804,6.066473414,2.058789497,1.66,4.033592867,4.769889749,0.094,1.66,2.418247647,3.183820679,0.59,7.191468803,5.380841161,6.337494138,4.97,2.52,0.188,2.58,6.685788962,3.11,4.743284256,4.216292972,2.82,0.035,7.836224567,1.054601657,6.541627675,4.095767731,3.404542306,6.288676181,6.515944743,7.119862606,4.98,3.270713363,9.650059112
not a US ally,Fiji,Fiji,54,8.64,Democracy,0,4.8,5,6.545378145,5.799832912,5,7.27,6.25,0.522,5.321460751,5.222485775,4.7,0.76,6.56,4.11,5.451020932,8.06,9.12,0.864,6.37,8.517494000,5.66,5.502988506,6.406196936,5.91,0.386,8.96,5.280318727,7.27,5.860976033,4.3,5.68,8.7,8.5,6.39,4.3,8.347072107
not a US ally,Finland,Finland,55,9.23,Democracy,1,10,2,4.49,3,1.83,9.62,7.48,0.817,1.66,5,6.94,0.94,5.78,10,6.25,8.71,9.57,0.99,7.94,7.538860729,8.09,4.58,7.5,7.82,0.77,8.97,8.912397823,9.62,7.1,9,7.55,7.99,8.77,6.88,9,6.823589231
US ally,France,France,56,8.87,Democracy,1,9.6,2,4.49,1,1.6,8.46,6.39,0.844,1.2,0,6.98,0.59,5.81,8,4.84,8.92,9.33,0.972,6.63,6,6.78,3.44,6.25,5.67,0.762,9.84,10,9.39,5.95,9.73,6.32,7.04,9.44,6.39,9.73,5.08
not a US ally,Gabon,Gabon,57,9.92,Personalist rule,6,9.6,0,4.506701999,-6.339770895,1.13,0,4.66,0.188,2.26,0,4.84,0.41,1.49,6.51,6.013773302,2.61,4.51,0.469,3.07,8.423473357,4.06,2.274464988,4.997387537,2.29,0.105,9.32,0,5.512620499,2.731099141,3.8,4.43,7.06,9,5.28,3.8,8.744467397
not a US ally,"Gambia, The",Gambia,58,8.605073920,Multi-party authoritarian rule,5,6.977602374,2.565121445,5.829492306,3.821969056,3.049339093,6.665429388,6.141349244,0.481,3.742922134,3.152043001,5.420338518,0.82,5.956387268,5.784403212,5.568233233,7.9,6.95,0.816,5.62,7.749431532,6.76,4.984206799,6.530936148,6.16,0.336,8.688581338,5.381359975,7.287227018,5.577592578,5.957634036,5.945846305,7.397132443,8.508464659,5.6,5.888607940,7.923654530
not a US ally,Georgia,Georgia,59,8.775522245,Single-party rule,4,3.112635245,1.043538342,6.104443940,3.205625505,1.681962882,3.163972014,4.735537148,0.102,2.442191863,2.277987399,2.621014042,0.82,6.072826578,3.328426810,5.940481324,5.346696009,3.603542089,0.094,3.539067502,7.357235140,3.63,5.028669056,4.605980207,3.858608195,0.024,8.154260565,0.743016332,5.506354417,4.200692575,2.440367168,5.194619822,6.734659131,7.323595303,3.562889542,2.372405518,9.503275165
US ally,Germany,Germany,60,9.31,Democracy,0,10,8,4.49,1,9,7.8,7.65,0.862,10,10,9.56,0.88,5.18,7.79,4.4,9.2,9.9,0.982,7.78,10,8.17,3.29,8.25,7.86,0.82,9.005093233,5,8.41,5.55,9.67,5.78,9.49,9.16,7.85,9.67,6.1
not a US ally,Ghana,Ghana,61,9.42,Democracy,0,0,0,7.424812212,10,0.83,6.08,4.5,0.386,1.66,0,0.28,0.71,7.43,4.097161287,6.605499062,4.36,3.25,0.77,5.72,7.018685567,5.57,6.767039526,4.383204794,4.45,0.3,9.28,1.766647279,6.08,5.72,0,5.48,6.57,7.6,5.02,0,9.49
US ally,Greece,Greece,62,9.22,Military rule,7,9.6,2,4.49,0,1.83,4.9,6.01,0.074,1.66,5,6.1,0.76,8.52,6.293553732,6.33,3.84,3.86,0.232,2.98,8,4.04,3.61,6,3.72,0.066,9.63,2,4.7,4.25,6.87,7.61,8.35,9.56,4.69,6.87,9.61
US ally,Guatemala,Guatemala,63,9,Democracy,2,8.2,2,7.202627433,0,1.83,8.76,5.9,0.178,1.66,0,5.32,0.71,9.06,8.86,7.252726471,3.8,1.47,0.049,1.54,6.994743479,5.66,5.310264403,4.537167487,3.13,0.08,9.3,8,9.52,4.86,5.93,9.29,6.88,9.2,9.31,5.93,9.94
not a US ally,Guinea,Guinea,64,9.070574224,Single-party rule,4,3.824667736,0.388730584,5.708914999,0.076062165,1.66,1.903232847,4.335156801,0.143,1.66,2.198872905,2.566449421,0.59,5.853017352,3.188018446,6.100890382,3.48,2.7,0.115,3.24,7.434721906,2.67,4.154965217,4.063418900,2.49,0.036,8.185673705,-0.824774722,5.152040249,3.335712310,2.387724305,5.048373125,6.834429136,7.346908667,2.5,2.316404488,9.765918163
not a US ally,Guinea-Bissau,Guinea-Bissau,65,6.969131313,unknown,NA,3.160480436,0,3.652118447,-0.765110788,0,-0.023335051,3.743326273,0.012,0.358280544,1.302919737,2.299491073,0.41,5.7,2.931486681,5.210619499,7.93,1.45,0.012,2.66,5.260526658,4.35,3.397981836,4.828260642,3.52,0.011,5.836418089,-0.502123724,3.969029697,2.923698620,3.835938268,3.36,4.521598668,4.868396234,1.02,3.352882169,8.061499126
not a US ally,Guyana,Guyana,66,9.39,Personalist rule,6,8.2,0,5.642855393,1.434939100,0.83,6.82,6.29,0.325,1.66,1.058275042,4.94,0.88,5.35,5.185184119,5.801199550,7.99,6.68,0.747,4.78,8.197707483,6.29,4.519131464,6.404144838,5.98,0.218,8.82,4.378342852,6.82,5.089751594,5.79,5.12,9.13,9.19,4.9,5.79,8.107353615
US ally,Haiti,Haiti,67,9.06,Personalist rule,6,10,0,8.187469806,10,2.54,9.23,6.15,0.144,5.09,10,4.830519391,0.47,8.73,8.238581042,7.130924493,3.67,0.26,0.083,1.1,7.737398135,2.69,5.835002271,3.630937758,1.83,0.029,8.33,2.891236412,9.23,5.74,3.975583952,7.86,9.18,9.31,6.99,4.062926436,10.924050024
US ally,Honduras,Honduras,68,9.11,Military rule,7,4,2,8.180782939,10,6,9.04,6.24,0.14,10,10,5.24,0.82,7.81,4.26,6.196100738,3.96,3.67,0.246,2.28,8.994041271,4.47,6.097213116,4.749763532,3.26,0.055,8.99,3.917390167,9.04,6.28,5.73,6.96,9.43,9.62,5.83,5.73,9.96
not a US ally,"Hong Kong SAR, China",Hong Kong,69,8.29,unknown,NA,10,5,7.93,10,6.67,10,8.42,0.167,8.34,10,8.89,1,8.87,10,5.522318609,9.7,7.65,0.926,6.65,8.163035209,7.89,6.306067731,7.427585461,8.08,0.185,8.668498803,10,10.097668218,6.95,10,9.36,8.85,8.26,8.56,10,7.623199543
not a US ally,Hungary,Hungary,70,9.02,Single-party rule,4,0,0,5.594109222,0,0,0,4.81,0.133,0.723111470,0,1.800363639,0.94,7.33,2.045232453,5.822087097,5.1,5.97,0.337,5.73,7.538155633,5.76,4.905031009,5.75,5.42,0.097,8.783565406,0,4.862428297,3.47,1.821153603,4.26,6.1,9.29,1.18,1.803291080,9.041912372
US ally,Iceland,Iceland,71,6.71,Democracy,0,9,0,4.49,6.707556116,0.83,9.21,6.19,0.836,1.66,0,4.39,1,6.67,6.89,5.746686630,9.74,6.6,0.952,7.29,5.752107506,8.06,5.981210872,6.972839017,8.36,0.733,7.95,7.119677330,9.21,5.88,3.33,6.79,5.56,7.56,6.79,3.33,7.345446106
not a US ally,India,India,72,9.67,Democracy,0,0,0,7.494723918,10,0.83,5.31,5.46,0.671,1.66,0,1.864810155,0.71,8.69,3.47,6.581604992,7.74,6.82,0.686,4.77,8,6.84,6.781105676,3,4.77,0.501,8.93,0,7.92,5.77,1.352770530,4.61,6.69,8.15,6.27,1.446638725,10.064909384
not a US ally,Indonesia,Indonesia,73,7.28,Military rule,7,6.6,0,5.086436164,3,2.68,1,4.73,0.186,5.37,10,4.89,0.29,9.04,7.421677697,5.834752083,1.5,2.23,0.22,2.47,2,2.83,4.164287810,3.75,1.71,0.059,4.508904837,0,6.533455225,3.38,5.4,7.93,5.76,0,5.37,5.4,9.4
US ally,"Iran, Islamic Rep.",Iran,74,9.67,Monarchy,8,9,5,6.754584467,0,3.33,9.73,5.34,0.115,1.66,5,4.91,0.41,6.924671522,2.85,6.451846227,6.5,5.95,0.4,4.36,8.456978315,4.04,4.676682507,1.25,2.85,0.083,9.13,2.376134709,9.73,5.1,2.4,5.49,8.34,9.56,4.67,2.4,8.96
not a US ally,Iraq,Iraq,75,9.276752345,Single-party rule,4,7.623483274,-0.562705919,4.864083861,-3.427860048,0,3.467845629,4.867662146,0.051,0,-0.512816510,4.097371733,0.35,5.226351968,5.307277494,6.248648320,6.86,4.05,0.276,4.68,7.473050466,3.32,3.252959345,5.212963682,3.35,0.061,9.78,1.446926732,6.485191707,3.567658177,4.853092923,5.421362078,6.975293736,8.985396405,4.39,4.798952550,8.645135711
not a US ally,Ireland,Ireland,76,8.05,Democracy,0,10,5,5.18,5.106379519,3.75,6.44,6.72,0.819,2.51,0,6.38,0.88,6.9,9.77,5.45,9.06,7.35,0.941,7.37,4,8,5.321325585,7.5,7.51,0.714,9.6,8,7.31,5.6,5.4,7.44,6.64,8.92,6.57,5.4,6.53
not a US ally,Israel,Israel,77,8.09,Democracy,0,4,2,5.18,0,3.24,2.97,5.02,0.692,4.49,0,3.77,0.88,0.8,2.094691657,4.823606344,8.28,7.73,0.888,7.32,8.038889346,6.21,4.141611262,7,6.78,0.601,8.27,0,5.94,4.37,4.07,4.08,6.1,8.05,4.23,4.07,7.2
US ally,Italy,Italy,78,8.63,Democracy,0,9.6,5,4.49,0,4.58,6.93,6.25,0.755,4.16,0,8.02,0.76,6.39,7.717548774,6.69,6.97,6.41,0.899,6.33,8,6.49,3.72,4.5,5.36,0.651,7.8,5,7.8,5.33,9.87,6.12,6.42,9.26,6.09,9.87,5.88
US ally,Jamaica,Jamaica,79,8.88,Democracy,0,8.8,2,5.909249303,3.539964852,3.08,8.15,6.192338407,0.528,4.16,3.626178534,5.550280171,0.88,7.02,5.410696573,5.524481365,7.71,6.14,0.736,5.12,8.155848080,7.17,4.893249313,6.533998394,6.27,0.404,7.98,5.179462095,8.15,5.510687305,5.866303415,3.77,8.7,9.23,4.29,5.840283912,7.998161032
US ally,Japan,Japan,80,8.71,Democracy,0,9.8,2,7.93,10,3.08,7.15,7.31,0.839,4.16,0,7.01,0.94,8.1,5.63,5.81,9.21,8.64,0.966,7.88,4,7.55,7.91,6.75,7.62,0.749,7.57,8,9.46,7.53,8.13,7.88,6.5,9.72,8.07,8.13,9.7
not a US ally,Jordan,Jordan,81,8.82,Monarchy,8,8.8,2,7.93,0,1.83,9.31,5.17,0.124,1.66,0,4.592297306,0.35,8.063379041,8.16,6.802268322,6.62,3.8,0.612,6.13,6.555330601,4.85,5.144827745,5.111252164,3.97,0.158,8.735798957,4.470791194,9.31,5.12,5.362591811,7.16,4.41,8.649233494,6.17,5.292306067,9.134104075
not a US ally,Kazakhstan,Kazakhstan,82,8.677067500,Single-party rule,4,4.410153794,1.448264585,6.188062838,3.825631663,2.026408011,4.680521771,5.233615023,0.102,2.762393341,2.318446197,3.473762867,0.82,6.321189838,4.474996917,5.944920466,6.025843114,4.605120114,0.094,4.308165796,7.391545819,4.901198941,5.194968667,5,4.552492478,0.024,8.383529149,2.438229907,6.358905137,4.776367566,3.518693820,5.684555667,6.921079358,7.783224675,4.454018033,3.459916974,9.105267868
not a US ally,Kenya,Kenya,83,6.94,Single-party rule,4,3.8,0,6.493698692,10,0.83,7.96,4.9,0.198,1.66,0,3.63,0.71,5.51,7.45,6.351742128,4.86,3.31,0.287,2.65,8,5.13,5.718922651,4.944447849,3.6,0.116,8.42,3.328836433,7.92,6.15,6.27,5.36,5.78,7.75,4.14,6.27,9.7
not a US ally,Kuwait,Kuwait,84,9.89,Monarchy,8,10,2,5.507804925,-1.565005108,5.17,10,6.912356519,0.257,8.34,10,8.562271730,0.41,4.12,6.931130250,5.453045476,6.86,5.07,0.726,5.84,9.580044558,6.41,3.170885978,6.827540553,4.5,0.269,9.684479708,5.778719501,10,5.005758061,8.763398679,5.15,9.86,9.7,6.18,8.815170121,7.633715705
not a US ally,Kyrgyz Republic,Kyrgyzstan,85,8.790984500,Single-party rule,4,2.585925351,0.840821758,6.120053271,3.102853108,1.495686253,2.667147547,4.543789664,0.102,2.262425928,2.158906492,2.247583087,0.82,6.061647287,2.974573467,5.976917411,5.055526372,3.191818770,0.094,3.235105970,7.300524195,3.22,5.022988686,4.362271304,3.581965779,0.024,8.070735674,0.121847318,5.245814320,4.010850387,1.981033724,5.071439032,6.635294040,7.152537121,3.267025655,1.910843341,9.695219305
not a US ally,Lao PDR,Laos,86,8.310338965,Monarchy,9,8.606204765,3.570455330,7.357452572,4.574222277,5.51,8.243913345,6.171157030,0.243,5.51,7.569013125,6.005598695,0.53,9.454410473,8.766482205,6.584068153,3.98,1.59,0.229,1.74,7.338518760,4.68,5.310422471,4.396620785,2.65,0.125,8.101473856,4.167890088,8.983632635,5.332312532,5.831701522,8.556560526,8.052833113,7.566738558,8.02,5.768299719,9.873970256
not a US ally,Latvia,Latvia,87,8.738186558,unknown,99,4.384446941,1.533024727,6.066753115,3.453783244,2.131752791,4.363621336,5.198537171,0.102,2.876260828,2.565524224,3.522713178,0.82,6.099820475,4.182853176,5.852501506,6.049764155,4.597703273,0.094,4.273023394,7.494171325,4.62,5.042385070,5.194448045,4.526598419,0.024,8.355942621,2.242912243,6.135463431,4.659092004,3.549489385,5.492056366,6.974589473,7.736638229,4.277292584,3.486909310,9.039800291
not a US ally,Lebanon,Lebanon,88,8.935776824,Personalist rule,6,8.559632760,7.021832293,7.375637136,6.555437902,10,8.466977169,7.098095011,0.401,10,12.918559481,7.872203908,0.82,8.039684435,6.668152562,5.373675035,6.13,3.5,0.642,3.71,9.146246460,4.61,5.287465425,5.726793153,4.39,0.23,8.235999016,5.686730173,7.944371446,5.954980850,7.021047644,7.405280405,9.556246192,7.580035808,7.54,7.016882234,8.936537367
not a US ally,Lesotho,Lesotho,89,7.811262841,Single-party rule,4,9.142465890,1.420955226,5.810146442,1.503938319,2.111472285,7.165754495,5.766472232,0.148,2.708631822,2.964728014,5.563330770,0.35,7.982831009,8.764188868,6.402099650,5.02,2.05,0.427,5.02,6.383310423,6.19,4.472244035,5.266294038,3.66,0.115,7.955848674,4.561387827,8.623090942,4.969443671,6.644635237,7.680687402,6.758515432,7.798177553,6.31,6.454336364,8.638743599
US ally,Liberia,Liberia,90,9.627911736,Single-party rule,4,10.318237165,6.591806126,7.705774411,4.131936747,10,8.839989652,7.111670319,0.186,10,12.908406148,8.292160415,0.59,8.587709618,7.712198299,5.939583996,2.55,2.61,0.275,3.54,9.622543278,4.96,4.805680510,5.105835076,2.92,0.106,8.979890927,4.986709278,8.669697789,5.548403125,7.144229951,8.102316932,10.283464498,8.482258661,7.16,7.246761325,9.598385015
not a US ally,Libya,Libya,91,8.872980110,Military rule,7,3.906962491,0.421007380,5.743021860,0.707849730,1.66,2.360985692,4.436864324,0.073,1.66,2.005893174,2.637990224,0.59,6.026116218,3.551610645,6.104847380,3.23,2.1,0.135,3.61,7.244792191,4.02,4.337383079,4.207214770,2.87,0.029,8.107223234,-0.285296352,5.400056194,3.562973009,2.589118342,5.220390925,6.691925237,7.305111081,2.18,2.500493762,9.647263722
not a US ally,Lithuania,Lithuania,92,8.713296100,unknown,99,5.232321404,1.859348984,6.041625899,3.619221736,2.431612730,5.163387551,5.507203853,0.102,3.165640137,2.757215440,4.123845935,0.82,6.117816407,4.752470753,5.793848293,6.518476253,5.260477396,0.094,4.762327322,7.585462115,5.28,5.051529080,5.586759938,4.971925234,0.024,8.490397325,3.242842850,6.554869440,4.964691624,4.288904196,5.690347394,7.134543034,8.012000181,4.753561279,4.229911839,8.730817041
US ally,Luxembourg,Luxembourg,93,6.98,Democracy,0,10,10,5.18,10,10,10,7.56,0.869,9.414512098,10,9.96,0.47,7.75,8.657668917,4.614797211,7.13,9.68,0.982,7,10,7.86,4.640641873,7.881507711,5.39,0.776,7.607037014,10,8.837240570,6.99,9.87,7.14,8.34,8.04,8.37,9.87,5.3
not a US ally,Madagascar,Madagascar,94,8.62,Personalist rule,6,9.6,0,6.894545177,0,1.13,4.75,5.58,0.253,2.26,0.453887787,3.58,0.59,7.6,6.648707036,6.991561003,3.71,6,0.474,3.73,7.656768888,4.81,5.066738118,4.422851059,3.24,0.134,9.14,0,9.5,4.42,0,7.72,8.92,9,6.57,0,9.01
not a US ally,Malawi,Malawi,95,8.24,Personalist rule,6,6.8,2,6.033591780,2.662951239,1.83,8.56,5.63,0.21,1.66,0,5.08,0.71,6.37,5.75,6.215944766,6.69,3.45,0.163,4.49,7.091106000,5.11,4.921067827,5.491102866,4.63,0.089,9.06,3.950763089,8.56,5.057407785,6.6,6.39,6.43,8.4,3.8,6.6,9.64
not a US ally,Malaysia,Malaysia,96,9.92,Multi-party authoritarian rule,5,9.8,5,7.93,10,4.58,7.44,6.36,0.145,4.16,0,6.35,0.65,5.47,6.793761448,6.129890605,8.27,5.91,0.678,5.37,8.257126676,5.85,5.865457124,6,5.25,0.132,9.71,5,9.88,6.37,4.67,6.71,7.12,8.84,6.53,4.67,8.14
not a US ally,,Maldives,97,8.649355650,Personalist rule,6,6.300111610,1.699655149,5.897546240,2.392233801,2.336803744,5.316401485,5.506573450,0.171,3.065907186,2.897600819,4.499966653,0.680524250,6.393604068,5.519733925,5.932563684,6.079327553,4.887145703,0.403,4.405145444,7.439855686,5.105874921,4.700103457,5.444572998,4.434642598,0.068,8.437480015,3.212626030,6.896901145,4.776903203,4.834430917,6.041385460,7.157305589,8.036588244,5.025106460,4.754259419,8.740967084
not a US ally,Mali,Mali,98,8.78,Military rule,7,9.4,0,6.403132537,2.459367949,0.83,8.71,5.487475984,0.102,1.66,0,4.240546738,0.53,8.52,8.158557196,6.822556698,3.92,3.96,0.454,4.57,6.499581310,5.36,5.094788944,4.826399579,3.53,0.096,9.13,3.747636966,8.71,5.014448535,4.913446311,7.1,6.2,6.88,5.68,4.835286337,9.341284752
not a US ally,Malta,Malta,99,9.47,Democracy,0,9.4,2,5.391272514,0.408067619,2,4.24,6.05,0.707,3.556927782,3.001441389,5.44,0.82,5.9,4.418387990,5.502449491,7.97,5.1,0.905,5.76,8.579215149,5.17,4.016309848,6.323822581,5.75,0.528,9.37,0,8.49,4.75,4.93,5.07,9.26,8.93,2.78,4.93,6.52
not a US ally,Mauritania,Mauritania,100,11.604108947,Personalist rule,6,7.356118612,0.851727565,4.787396477,-6.698551658,2.26,1.141772417,4.974605792,0.211,2.26,2.192406560,4.757849953,0.47,2.655282080,0,5.615388799,2.88,7.62,0.537,3.93,10.404420285,4.69,2.145898165,5.514049949,2.82,0.119,10.665821743,-0.563490642,4.495378797,2.717774400,4.128169511,2.02,9.218902558,10.516522993,4.04,4.344067050,8.748132156
not a US ally,Mauritius,Mauritius,101,9.69,Democracy,0,0,2,7.587940179,6.069124325,2,8.08,6.43,0.685,3.496742606,1.735125400,2.53,0.71,7.29,7.116410724,6.645015852,5.01,7.98,0.864,6.38,8.188301789,6.34,6.218630288,5.606793273,5.04,0.578,9.98,5.418807933,8.08,6.169439216,5.6,8.53,9.62,9.18,9.04,5.6,9.26
US ally,Mexico,Mexico,102,8.21,Multi-party authoritarian rule,5,10,2,6.976374771,3,6,4.72,6.55,0.248,10,10,6.93,0.88,9.35,5.491164075,5.750203918,4.54,3.46,0.477,3.94,8.950468758,4.81,4.882618283,5.75,4.48,0.111,9.31,3.496983899,4.72,4.35,4.8,7.8,9.18,9.21,4.52,4.8,9.52
not a US ally,Moldova,Moldova,103,8.742334968,Single-party rule,4,4.243134530,1.478637351,6.070940985,3.426210162,2.081776134,4.230326967,5.147092724,0.102,2.828030943,2.533575688,3.422524385,0.82,6.096821153,4.087916913,5.862277041,5.971645472,4.487240919,0.094,4.191472739,7.478956193,4.51,5.040861068,5.129062730,4.452377283,0.024,8.333533504,2.076257142,6.065562429,4.608158734,3.426253583,5.459007861,6.947930546,7.690744571,4.197914468,3.363075555,9.091297499
not a US ally,Mongolia,Mongolia,104,9.781010842,Single-party rule,4,0.453422675,-0.171479930,5.371575497,0.437231987,0.278906672,-0.549042380,3.844838625,0.177,1.168798942,0.268121757,0.968936099,0.94,3.679553797,-0.490298791,5.566495830,5.24,6.18,0.131,2.72,8.182626177,2.68,4.281857699,4.467946149,3.44,0.056,8.640700421,-2.299971777,3.091024326,3.030306312,0.358533515,2.942562634,6.721483195,7.623805061,0.34,0.367118559,9.563582043
not a US ally,Morocco,Morocco,105,9.31,Monarchy,8,7.8,0,6.264918130,1,0.83,5,5.21,0.137,1.66,0,4.77,0.47,7.63,10,6.933814795,3.91,2.85,0.388,3.77,7.016928583,5.44,4.484017284,3.25,3.01,0.112,9.47,5,8.356647718,3.96,5.67,7.35,6.95,9.02,4.44,5.67,9.551343705
not a US ally,Mozambique,Mozambique,106,8.518818341,unknown,NA,5.837770658,1.116669998,5.920261206,1.104806555,1.956915980,4.083463646,4.927155745,0.028,2.695413167,3.287573541,3.810572637,0.53,6.981273138,5.463402226,6.229706680,4.88,2.9,0.04,2.46,7.026019846,3.3,4.382150927,4.378618839,2.71,0.022,7.962965662,1.217184060,6.561029764,4.006515957,4.010707305,6.249734135,6.887514025,7.314946747,4.83,3.888550249,9.477920504
not a US ally,Myanmar,Myanmar,107,9.71,Military rule,7,0,0,6.052802310,0,0.83,2.47,3.4,0.07,1.66,0,1.08,0.88,5.603195304,2.056224741,6.196545908,4.14,1.03,0.081,2.19,7.592802825,2.45,4.637512109,3.827426345,2.75,0.016,8.87,0,4.94,3.22,2.4,4.620665246,6.55,7.61,2.05,2.4,10.178073351
not a US ally,Namibia,Namibia,108,8.420174753,Other oligarchy,10,10.057068115,2.933407690,5.957123742,1.355116468,3.895521942,7.553068118,6.262781266,0.063,4.622003687,5.568010708,6.747081405,0.47,7.550596379,8.316219445,6.066295320,7.1,5.59,0.118,3.22,7.480065979,4.55,4.234463268,5.682818146,3.64,0.057,8.373547786,5.118661101,8.512269123,5.124063682,7.392838328,7.471350529,7.833795027,8.250835624,7.91,7.279033590,8.438193771
not a US ally,Nepal,Nepal,109,8.59,Monarchy,8,0,0,6.327672355,2.960634246,0.83,0,4.158292548,0.093,1.66,0,0.48,0.71,6.122147532,2.603495721,6.315791832,3.03,3.11,0.202,3.26,7.147028446,4.32,5.225692889,3.875497623,3.01,0.081,9.12,0,5.102816655,3.777369269,0.6,4.994371552,6.23,7.2,3.03,0.6,10.213081262
US ally,Netherlands,Netherlands,110,8.77,Democracy,0,10,2,5.18,0,4.5,8.91,7.39,0.846,6.99,10,7.79,0.88,5.81,6.78,2.73,9.25,9.08,0.979,7.6,10,7.47,2.63,8,7.6,0.794,9.53,10,6.73,5.77,8.87,6.3,9.48,9.61,7.58,8.87,5.04
US ally,New Zealand,New Zealand,111,7.34,Democracy,0,7.8,5,5.18,10,3.33,6.48,6.63,0.85,1.66,0,6.44,0.88,6.75,5.76,4.4,9.81,9.65,0.973,7.36,6.913879820,8.01,6.52,7.680024176,7.9,0.782,9.63,5,7.97,6.5,8.2,6.11,6.18,7.78,5.81,8.2,6.822784365
US ally,Nicaragua,Nicaragua,112,9.77,Military rule,7,6.2,5,7.519253032,3,7.5,6.305035718,6.36,0.172,10,10,6.9,0.88,8.53,5.534658512,5.934379813,3.63,0.63,0.112,0.93,9.459771530,2.58,4.743880121,4.389492753,2.24,0.036,8.89,2.381730671,7.181074887,4.741241427,7,6.91,9.39,8.91,5.28,7,10.130821439
not a US ally,Niger,Niger,113,8.57,Personalist rule,6,9.6,0,6.437328797,2.596421756,1.13,9.56,5.920406888,0.188,2.26,0,5.053112227,0.47,9.15,10,6.885751141,5.15,6.78,0.397,5.53,6.510907637,4.94,5.146549748,5.293593324,3.83,0.129,9.49,5.233168987,9.56,5.471365856,5.971279435,8.24,6.45,7.76,5.58,5.903412586,8.995413693
not a US ally,Nigeria,Nigeria,114,0,Military rule,7,0,0,5.667293559,10,0.83,2,4.15,0.189,1.66,0,2.14,0.71,9.02,8.145576508,6.253633236,4.76,0.47,0.374,2.85,2,4.08,6.436593846,4,3.35,0.09,8.39,2.891425931,7.349757648,4.56,5.6,8.1,2.61,2.07,5.38,5.6,9.92
not a US ally,,North Korea,115,8.649355650,Personalist rule,6,6.300111610,1.699655149,5.897546240,2.392233801,2.336803744,5.316401485,5.506573450,0.091,3.065907186,2.897600819,4.499966653,0.680524250,6.393604068,5.519733925,5.932563684,6.079327553,4.887145703,0.007,4.405145444,7.439855686,5.105874921,4.700103457,5.444572998,4.434642598,0.016,8.437480015,3.212626030,6.896901145,4.776903203,4.834430917,6.041385460,7.157305589,8.036588244,5.025106460,4.754259419,8.740967084
not a US ally,North Macedonia,North Macedonia,116,8.832082963,Single-party rule,4,2.174443076,1.175735516,6.230182145,4.257596576,1.759921410,3.013432515,4.729072560,0.094,2.524933955,2.158982748,2.284282110,0.94,5.836166024,2.654414478,5.822585789,5.710888905,3.906599516,0.617,3.832671166,7.481875680,3.76,5.330684702,4.717908681,4.308337422,0.12,8.196806926,0.743835550,5.202040939,4.354666427,1.953178131,4.888503377,6.713177005,7.295719797,3.318253654,1.903491063,9.503142349
US ally,Norway,Norway,117,7.44,Democracy,0,10,0,5.18,1,2.08,8.36,6.93,0.848,4.16,0,7.01,1,4.71,10,6.33,9.78,9.58,0.978,7.57,6.958357889,8.52,4.17,8.75,8.65,0.81,9.01,10,6.72,6.26,8.93,6.48,6.25,8.56,6.69,8.93,4.54
not a US ally,Oman,Oman,118,8.75,Monarchy,8,9.500053634,2,3.661311481,-6.293490712,2,2.103720696,5.284010630,0.013,3.668399707,4.881654028,6.440342571,0.47,0.05,3.885681538,5.032168369,5.69,5.2,0.402,4.27,8.610660452,4.08,1.675800453,6.172040263,3.44,0.045,8.492269159,1.629760054,5.137422449,3.020197922,9.47,4.58,8.16,7.57,4.43,9.47,9.27
US ally,Pakistan,Pakistan,119,9.14,Military rule,7,0,2,8.077525675,10,1,5.23,4.79,0.168,0,0,0.44,0.71,8.49,5.57,7.098026556,4.62,6.3,0.383,3.73,8,4.34,6.948609094,3.25,3.4,0.09,9.83,0,7.69,5.69,0.33,7.45,6.98,8.96,5.75,0.33,10
not a US ally,,Palestine/West Bank,120,8.649355650,unknown,NA,6.300111610,1.699655149,5.897546240,2.392233801,2.336803744,5.316401485,5.506573450,0.083,3.065907186,2.897600819,4.499966653,0.680524250,6.393604068,5.519733925,5.932563684,6.079327553,4.887145703,0.163,4.405145444,7.439855686,5.105874921,4.700103457,5.444572998,4.434642598,0.083,8.437480015,3.212626030,6.896901145,4.776903203,4.834430917,6.041385460,7.157305589,8.036588244,5.025106460,4.754259419,8.740967084
US ally,Panama,Panama,121,9.79,Military rule,7,10,8,7.747493235,5.224274478,9,9.74,7.15,0.09,10,10,8.62,0.88,7.821326235,6.8,5.745246336,4.03,2.25,0.37,3.1,9.963231258,5.72,5.168267194,5.575641062,4.03,0.074,9.33,5.313653274,9.74,5.841696330,6.87,6.22,9.71,9.74,5.64,6.87,9.374186835
not a US ally,Papua New Guinea,Papua New Guinea,122,8.87,unknown,NA,8.273722418,0,5.487245081,-0.496578282,0,5.828609726,5.891750676,0.302,2.287479488,0.531351595,5.302815201,0.82,2.32,5.556455646,5.961549589,6.72,7.51,0.571,4.31,8.482668295,6.04,4.041122421,6.400816651,5.19,0.234,9.945906569,4.241562405,7.250674372,4.842833715,5.751364332,5.67,9.16,9.45,9.02,5.822437112,8.105483527
US ally,Paraguay,Paraguay,123,9.62,Military rule,7,6.6,5,7.547008220,0,3.33,7.018942743,6.14,0.162,1.66,10,4.4,0.53,8.7,10,6.941911095,2.98,0.71,0.098,1.08,8.204530868,3.51,4.894143869,3.810150440,1.93,0.042,9.17,2.247138334,8.492560003,4.631408823,3.27,8.77,9.47,9.11,6.66,3.27,9.71
US ally,Peru,Peru,124,8.14,Military rule,7,7.2,0,5.862382120,0,1.2,5.62,5.01,0.096,2.4,0,4.16,0.71,7.44,10,6.486774411,5.22,3.65,0.317,2.82,6.355230009,2.25,4.578918081,4.75,3.21,0.038,7.12,1.956865849,5.62,4.03,4.07,7.71,5.94,8.51,3.91,4.07,9.5
US ally,Philippines,Philippines,125,8.43,Personalist rule,6,0,0,6.667566687,3,1.73,6.3,5.01,0.357,3.46,0,2.15,0.41,8.15,6.784625763,6.759018386,4.06,3.36,0.373,4.4,6.894994429,4.93,5.302184107,5.75,3.38,0.249,8.98,2.656661812,6.3,4.6,4.73,8.15,6.75,9.59,6.29,4.73,10
not a US ally,Poland,Poland,126,8.742972920,Single-party rule,4,0,0,4.690973385,0,0,0,4.493231849,0.188,1.664863010,5,2.534805587,0.88,3.774273649,1.194871832,5.093055618,7.87,6.07,0.523,5.46,7.473904677,5.06,4.191022165,5,5.51,0.134,7.908318295,0,3.909321800,3.49,2.907194535,3.365387832,6.246703684,7.153454712,3.85,2.751990204,8.199904051
US ally,Portugal,Portugal,127,9.61,Personalist rule,6,10,2,5.18,0,1.83,4.48,5.46,0.146,1.66,0,6.57,0.41,6.95,7.454530200,6.95,7.34,6.58,0.347,4.12,7.644845433,4.41,4.04,4.75,3.64,0.082,9.85,0,8.96,4.26,7.87,5.69,7.15,9.15,7.13,7.87,8.592321753
not a US ally,Qatar,Qatar,128,8.582441185,unknown,NA,6.032036346,0.697339294,5.131582748,-0.275106198,1.253896567,3.442470369,4.911503796,0.017,1.946263354,1.885288626,3.937595706,0.53,5.713558044,4.754468649,5.868564720,5.92,4.71,0.352,3.21,7.110461700,4.91,3.904226785,5.146901618,3.58,0.064,8.099242933,1.626877370,6.045827739,3.913651925,4.555989834,5.401423137,6.664501545,7.637816555,3.47,4.407421025,8.654865199
not a US ally,,Republic of Vietnam,129,8.649355650,Military rule,7,6.300111610,1.699655149,5.897546240,2.392233801,2.336803744,5.316401485,5.506573450,0.315,3.065907186,2.897600819,4.499966653,0.680524250,6.393604068,5.519733925,5.932563684,6.079327553,4.887145703,0.32,4.405145444,7.439855686,5.105874921,4.700103457,5.444572998,4.434642598,0.198,8.437480015,3.212626030,6.896901145,4.776903203,4.834430917,6.041385460,7.157305589,8.036588244,5.025106460,4.754259419,8.740967084
not a US ally,Romania,Romania,130,8.647560904,Single-party rule,4,0,0,4.458433103,0,0,0,3.558672726,0.188,0.863258087,0,0.795845826,0.94,3.312111277,-0.940512992,5.004957945,6.65,2.63,0.114,3.44,7.130563176,3.18,4.059937306,4.795836904,4.29,0.044,7.259213570,0,0,2.8,0.910072504,2.407640623,5.594331346,6.058957278,0.34,0.701123868,8.771751671
not a US ally,Russian Federation,Russia,131,7.998311843,Single-party rule,4,0,0,4.305781794,0,0,0,3.679421443,0.102,0.500771388,0,1.199218202,0.82,4.018247636,0.589841117,5.137599454,7.81,2.43,0.094,3.03,6.382328417,3.61,4.074754929,5,4.43,0.024,6.828174606,0,3.073251898,2.88,1.836095277,3.117302978,5.128517924,5.737629487,0.13,1.539320329,8.529848763
not a US ally,Rwanda,Rwanda,132,8.01,Single-party rule,4,2.4,0,5.675902980,4.342260361,0.83,2.74,5.25,0.242,1.66,1.979584981,2.728446071,0.53,9.11,5.280604798,5.967012012,6.26,3.71,0.477,5.23,5.614473499,5.05,5.223584111,4.633968933,4.22,0.171,8.22,0,5.49,4.02,3.546427713,6.69,6.08,2.02,4.28,3.248382039,9.036543648
not a US ally,,Sao Tome and Principe,133,8.649355650,unknown,NA,6.300111610,1.699655149,5.897546240,2.392233801,2.336803744,5.316401485,5.506573450,0.03,3.065907186,2.897600819,4.499966653,0.680524250,6.393604068,5.519733925,5.932563684,6.079327553,4.887145703,0.319,4.405145444,7.439855686,5.105874921,4.700103457,5.444572998,4.434642598,0.086,8.437480015,3.212626030,6.896901145,4.776903203,4.834430917,6.041385460,7.157305589,8.036588244,5.025106460,4.754259419,8.740967084
not a US ally,Saudi Arabia,Saudi Arabia,134,9.135717813,Monarchy,8,10.705561310,6.495798235,4.936321238,-1.270386331,10,4.951270060,6.558664811,0.013,10,13.267993311,8.955273735,0.35,5.394012626,5.116313433,4.524065551,7.44,5.56,0.15,3.87,9.405808619,4.47,2.564598817,5.5,3.6,0.042,7.745842566,4.013573785,6.086877133,4.234678944,8.979675298,5.565225692,9.433292356,7.266146618,3.89,8.818759820,7.485542830
not a US ally,Senegal,Senegal,135,9.59,Personalist rule,6,9.6,0,6.116995833,0,1.13,4.761253792,5.1,0.375,2.26,0,4.15,0.59,7.37,5.12,6.443800658,4.27,5.91,0.769,5.29,7.810869189,5.34,4.601237695,4.994061046,3.94,0.291,9.33,1.998917150,6.891902160,4.383862726,1.73,5.34,6.97,8.97,3.52,1.73,9.350463974
not a US ally,Serbia,Serbia,136,9.236513841,Single-party rule,4,2.968826884,1.233086730,6.069357022,4.066982884,1.607761166,3.801991678,5.149811514,0.094,2.408262795,1.074013184,2.859851562,1,5.036745379,2.641463714,5.662462725,5.83,6.01,0.617,5.64,8.019125737,5.62,5.305564907,5.615810837,5.7,0.12,8.929721770,2.143906113,5.463124189,4.794666209,2.650734728,4.581004491,7.068378706,8.337983845,2.91,2.670424497,8.885321710
not a US ally,Seychelles,Seychelles,137,9.024259839,unknown,NA,5.870932107,2.064509935,5.531112034,2.132686635,2.588544122,4.709827877,5.620606687,0.322,3.351548122,2.882865275,4.666350232,0.82,5.142170057,4.155602213,5.471193561,7.77,7.49,0.682,4.94,8.057063709,4.82,4.501331778,6.128795718,5.33,0.222,8.729066370,3.453156649,6.148052518,4.814216692,4.937377042,5.075240393,7.419258180,8.381425388,4.66,4.888358411,8.182132318
not a US ally,Sierra Leone,Sierra Leone,138,9.46,Multi-party authoritarian rule,5,9.6,0,6.536696849,-0.534898699,0.83,7.93,5.458244020,0.165,1.66,1.769699581,4.658452358,0.47,7.324424552,7.119080436,6.912028527,3.28,3.8,0.336,3.6,7.953998026,3.61,4.295072141,4.478951269,2.57,0.077,9.67,2.238926098,7.93,4.315387578,4.573994140,7.138008620,9.29,8.76,5.18,4.665103864,9.837864686
not a US ally,Singapore,Singapore,139,9.82,Multi-party authoritarian rule,5,9.8,5,7.93,0,4.58,7.96,6.78,0.307,4.16,0,7.84,0.88,7.35,6.737141144,5.810689670,9.34,8.06,0.866,7.28,8.858472256,5.82,4.989249424,7,6.93,0.263,9.66,6.618759501,7.96,5.49,9.13,6.34,7.32,9.8,4.37,9.13,9.65
not a US ally,Slovak Republic,Slovakia,140,8.744220609,Single-party rule,4,4.178901616,1.453915817,6.072844562,3.413676942,2.059059472,4.169738617,5.123708884,0.132,2.806108268,2.519053626,3.376984025,0.82,6.095457825,4.044764066,5.866720466,5.936136980,4.437030759,0.23,4.154404260,7.472040224,4.46,5.040168340,5.099342132,4.418640403,0.046,8.323347542,2.000504823,6.033789247,4.585007248,3.370237309,5.443985813,6.935812852,7.669883817,4.161833507,3.306787485,9.114705321
not a US ally,Slovenia,Slovenia,141,8.522425126,Single-party rule,4,3.194043194,0,5.829777823,4.168954156,0,4.216648255,4.988436839,0.094,1.028142251,-0.790698847,2.498300469,0.94,5.567161697,3.810793878,5.896984230,7.155194780,5.723964394,0.617,5.270425660,6.980779640,5.69,5.433103016,5.575904878,5.565894214,0.12,8.504912179,2.607567615,6.013519683,4.896132375,2.904845984,5.061591382,6.180032428,8.005556890,3.956884111,2.831357458,8.730108397
not a US ally,,Solomon Islands,142,8.649355650,unknown,NA,6.300111610,1.699655149,5.897546240,2.392233801,2.336803744,5.316401485,5.506573450,0.259,3.065907186,2.897600819,4.499966653,0.680524250,6.393604068,5.519733925,5.932563684,6.079327553,4.887145703,0.704,4.405145444,7.439855686,5.105874921,4.700103457,5.444572998,4.434642598,0.229,8.437480015,3.212626030,6.896901145,4.776903203,4.834430917,6.041385460,7.157305589,8.036588244,5.025106460,4.754259419,8.740967084
not a US ally,Somalia,Somalia,143,8.613232790,Military rule,7,6.782913389,1.513113867,5.809335900,1.554684957,2.198155626,5.217802347,5.429512041,0.079,2.926416792,2.936070317,4.594387266,0.59,6.567417046,5.877208943,6.037126335,5.680223809,4.482676092,0.078,4.053845686,7.321476767,4.832953231,4.469859898,5.256021153,3.977203371,0.021,8.369706784,2.946711155,7.015271738,4.579662752,5.005738538,6.219760411,7.130950528,7.984576006,5.083315439,4.910823459,8.823056052
not a US ally,South Africa,South Africa,144,9.4,Other oligarchy,10,9,2,5.927718496,3,1.83,9.23,5.82,0.168,1.66,0,6.5,0.29,6.88,1.91,6.341258056,6.53,3.35,0.113,3.03,7.707431556,4.87,4.228432109,7,3.47,0.093,9.74,10,8.47,5.6,8.67,6.38,7.16,9.51,7.43,8.67,9.32
US ally,"Korea, Rep.",South Korea,145,6.17,Military rule,7,6,0,5.375144909,0,0.83,9.96,5.49,0.28,1.66,0,5.05,0.65,8.46,7.51,6.335641641,6.69,5.02,0.587,4.69,4.706608535,5.01,5.000107031,5.75,4.56,0.144,3.19,5.453036680,9.96,4.99,8.33,8.21,4.66,9.29,6.99,8.33,9.87
not a US ally,,South Sudan,146,8.649355650,Military rule,7,6.300111610,1.699655149,5.897546240,2.392233801,2.336803744,5.316401485,5.506573450,0.1,3.065907186,2.897600819,4.499966653,0.680524250,6.393604068,5.519733925,5.932563684,6.079327553,4.887145703,0.176,4.405145444,7.439855686,5.105874921,4.700103457,5.444572998,4.434642598,0.051,8.437480015,3.212626030,6.896901145,4.776903203,4.834430917,6.041385460,7.157305589,8.036588244,5.025106460,4.754259419,8.740967084
not a US ally,Spain,Spain,147,8.81,Military rule,7,8.8,2,5.18,0,1.83,7.73,5.87,0.104,1.66,0,5.39,0.35,8.01,7.893426877,5.81,6.98,5.75,0.349,4.46,7.176016417,4.45,3.66,6.5,3.79,0.073,9.42,4.587177345,7.73,5.69,5.53,7.57,6.92,9.46,6.31,5.53,8.39
not a US ally,Sri Lanka,Sri Lanka,148,8.97,Democracy,0,0,0,7.040095124,7.384234885,0,6.180721479,4.91,0.662,0,0,0.08,0.88,7.62,7.38,6.554963326,7.54,7.03,0.766,4.58,6.778533080,6.79,6.743540916,5.226722079,5.93,0.495,9.86,3.487884421,7.259965878,5.729202254,0.25,6.8,6.83,8.5,4.17,0.25,8.02
not a US ally,Sudan,Sudan,149,8.100655543,Military rule,7,7.358398967,-0.522946309,5.041241061,-1.695607236,0,3.979795896,4.693393872,0.1,0,0.346824252,3.835365658,0.29,6.771855352,6.720275395,6.449788310,5.14,3.54,0.176,2.47,6.158638232,4.37,3.687135176,4.596184830,2.58,0.051,7.872836559,1.514789523,7.032512417,3.684872046,4.958206510,6.414732554,6.084219587,7.548818279,4.63,4.747408251,8.934900610
not a US ally,Suriname,Suriname,150,7.709079908,unknown,NA,9.703721014,3.030028772,5.112880356,1.688369293,4.16,7.105568341,6.262348022,0.539,4.16,5.185049490,6.875592523,0.47,6.751324267,7.866001623,5.498326257,8.43,4.75,0.803,5,6.911358540,6.83,4.077654591,6.494247280,4.96,0.444,7.655763888,5.995359844,7.972599720,5.274866742,8.190594732,6.812190612,7.077199364,7.555888951,6.2,7.937389226,7.415786534
not a US ally,Sweden,Sweden,151,8.97,Democracy,0,9,0,4.49,3,3.5,7.69,6.39,0.779,6.99,0,7.22,1,3.23,5.33,6.42,9.55,9.65,0.983,7.72,8,8.24,4.64,8.25,8.44,0.732,9.412760479,7.643113110,7.39,6.16,9.17,3.98,6.13,9.42,7.37,9.17,6.532442830
not a US ally,Switzerland,Switzerland,152,9.06,Democracy,2,10,2,6.21,3,2,8.79,7.75,0.626,4.575119833,10,6.47,0.71,7.32,9.63,6.86,9.38,9.1,0.952,7.77,8.297388986,8.53,5.36,9,7.4,0.572,9.67,8.963105552,8.79,7.07,7.41,8.23,9.59,9.63,7.73,7.41,7.513458199
not a US ally,Syrian Arab Republic,Syria,153,9.4,Military rule,7,6.6,0,5.298118128,0,0,1.87,4.33,0.094,0,0,3.47,0.41,6.09,4.101037916,6.282298078,3.79,3.03,0.197,3.34,7.263477949,3.18,3.670368236,4.279326537,2.42,0.043,8.51,0,3.74,3.32,3.8,5.82,6.62,8.57,1.71,3.8,9.66
US ally,Taiwan,Taiwan,154,9.32,Military rule,7,9.4,2,5.906158970,0,2,3.7,5.6,0.114,5.224608310,10,5.71,0.65,4.56,0.27,5.673308502,4.69,4.26,0.397,3.55,9.431107461,2.93,3.564417289,6.5,3.64,0.072,9.39,0,7.4,3.94,5.73,5.21,9.48,9.21,6.03,5.73,10
not a US ally,Tajikistan,Tajikistan,155,8.810972292,Single-party rule,4,1.905056464,0.578773492,6.140231188,2.970000985,1.254889636,2.024911041,4.295920966,0.102,2.030045573,2.004972636,1.764855267,0.82,6.047196009,2.517153291,6.024017718,4.679136354,2.659591066,0.094,2.842180089,7.227214925,2.69,5.015645769,4.047232966,3.224354852,0.024,7.962764472,-0.681127260,4.909018585,3.765444632,1.387261224,4.912205327,6.506846483,6.931413130,2.884567461,1.314189795,9.943342218
not a US ally,Tanzania,Tanzania,156,9.3,Single-party rule,4,3.8,0,5.549803832,5,0.83,2.12,4.7,0.248,1.66,0,3.48,0.88,4.753276567,2.789420821,5.683650426,5.7,4.72,0.686,5.34,7.792882095,6.24,4.703264067,5.554697843,5.42,0.24,8.809552797,0,4.23,4.23,5.8,4.14,6.22,9.36,2.41,5.8,10
US ally,Thailand,Thailand,157,9,Military rule,7,10,2,7.93,0,3.08,7.68,5.87,0.153,4.16,0,5.83,0.94,7.67,5.8,6.550404444,5.23,3.03,0.345,3.43,7.945594114,4.71,5.371033682,5.5,4.58,0.113,9.65,3.589882303,7.68,4.82,4.4,7.44,6.71,8.19,6.28,4.4,10
not a US ally,Timor-Leste,Timor,158,7.743486687,unknown,NA,6.262929505,1.612976405,5.324952828,1.639685797,2.324396825,4.343663532,5.107854043,0.017,2.895726004,3.886982537,4.405171501,0.53,6.803414506,5.843032837,5.796116799,7.53,3.2,0.118,2.36,6.449171684,4.01,4.271686431,5.032349100,3.54,,7.204120954,2.427054727,6.539310333,4.275477851,5.220665992,6.155178710,6.351380754,6.590368042,5.2,4.960933333,8.622449007
not a US ally,Togo,Togo,159,9.68,Military rule,7,9.6,0,4.743145671,-5.311328277,1.13,2.177720736,4.684211661,0.08,2.26,0,4.384202380,0.29,5.5,1.62,6.097868124,3.66,6.71,0.366,2.38,8.129925971,2.8,2.568108348,4.779909987,1.91,0.043,9,-0.061563605,5.730513678,2.868876710,4.710921058,4.18,6.89,8.88,5.41,4.682133715,8.938154307
US ally,Trinidad and Tobago,Trinidad and Tobago,160,9.2,Democracy,0,7.2,0,6.295232530,3.594822458,2.08,8.43,6.311480397,0.59,4.16,1.818865003,5.418190262,0.76,6.51,6.493933992,6.005306441,8,6.33,0.894,6.24,8.093807718,7.23,5.188112842,6.447571947,6.31,0.487,9.97,5.719986856,8.43,5.783873577,5.753637656,6.17,9.12,8.18,5.83,5.801107202,8.278657527
not a US ally,Tunisia,Tunisia,161,8.68,Single-party rule,4,4,0,6.128805916,3,0.83,5.45,4.96,0.191,1.66,0,2.79,0.71,5.69,0,6.168346260,7.5,5.2,0.67,5,7.637709714,5.15,5.161269188,5.459072170,5.02,0.156,9.69,2,8.9,4.88,3.53,5.23,6.88,9.16,6.25,3.53,8.99
US ally,Turkey,Turkey,162,8.24,Democracy,1,0,0,5.493861847,0,0.83,6.05,4.08,0.561,1.66,0,0.28,0.71,6.79,4.996398147,5.995596860,6.42,3.64,0.462,5.53,4.687283329,5.63,5.643905024,4.25,4.65,0.385,0,1.612883710,6.05,4.1,0,7.28,4.11,8.2,5.57,0,9.49
not a US ally,,Turkmenistan,163,8.649355650,Single-party rule,4,6.300111610,1.699655149,5.897546240,2.392233801,2.336803744,5.316401485,5.506573450,0.102,3.065907186,2.897600819,4.499966653,0.680524250,6.393604068,5.519733925,5.932563684,6.079327553,4.887145703,0.094,4.405145444,7.439855686,5.105874921,4.700103457,5.444572998,4.434642598,0.024,8.437480015,3.212626030,6.896901145,4.776903203,4.834430917,6.041385460,7.157305589,8.036588244,5.025106460,4.754259419,8.740967084
not a US ally,Uganda,Uganda,164,1.67,Single-party rule,4,3.8,0,5.879509879,10,0.83,7.64,4.01,0.2,1.66,0,1.249338340,0.71,11.037714234,10,6.413203052,2.5,2.29,0.311,2.84,1.372521731,2.65,6.873159246,3.468332268,2.27,0.1,3.313119536,2.844764987,7.64,5.82,3.543634677,7.12,0.84,1.919402604,4.24,2.764903847,9.339554205
not a US ally,Ukraine,Ukraine,165,8.701241531,Single-party rule,4,2.586876856,0,5.647653466,2.203071716,0,2.305149271,4.403277621,0.102,1.131704801,0.305320851,1.979587856,0.82,5.488105265,2.842964017,5.932787410,5.698134002,3.889191322,0.094,3.762583637,7.039729146,3.58,4.813530935,5,3.91,0.024,8.135327668,0.251403740,5.099979504,3.925258748,2.092057660,4.711883675,6.215334479,7.354565079,3.024161342,1.995888655,9.303952209
US ally,United Kingdom,United Kingdom,166,8.54,Democracy,0,10,2,5.18,10,1,8.18,6.2,0.83,0,0,4.36,0.82,5.12,6.76,4.75,8.65,8.87,0.94,7.21,8,8.11,6.64,8.25,7.34,0.739,8.918185915,10,6.54,7.41,2.07,5.88,5.99,9.41,5.78,2.07,7.463352647
not a US ally,United States,United States,167,8.99,Democracy,2,10,8,7.59,0,9,9.34,7.81,0.709,10,10,9.13,1,5.11,6.12,5.45,8.25,7.59,0.919,7.42,10,7.88,4.35,8.75,8.07,0.636,9.75,10,8.01,6.84,8.4,5.41,9.59,9.62,7.85,8.4,7.98
US ally,Uruguay,Uruguay,168,9.87,Democracy,2,9.4,8,4.858844721,10,5.43,4.384237027,6.05,0.597,2.86,10,7.23,0.94,6.75,0,4.002866005,8.16,4.45,0.643,5.12,6.215058662,6.33,4.985334456,6.503613195,6.34,0.454,2.04,4.780015708,5.076179862,5.344685605,6.87,5.13,5.48,0,6.36,6.87,7.41
not a US ally,,Uzbekistan,169,8.649355650,Single-party rule,4,6.300111610,1.699655149,5.897546240,2.392233801,2.336803744,5.316401485,5.506573450,0.102,3.065907186,2.897600819,4.499966653,0.680524250,6.393604068,5.519733925,5.932563684,6.079327553,4.887145703,0.094,4.405145444,7.439855686,5.105874921,4.700103457,5.444572998,4.434642598,0.024,8.437480015,3.212626030,6.896901145,4.776903203,4.834430917,6.041385460,7.157305589,8.036588244,5.025106460,4.754259419,8.740967084
not a US ally,,Vanuatu,170,8.649355650,unknown,NA,6.300111610,1.699655149,5.897546240,2.392233801,2.336803744,5.316401485,5.506573450,0.154,3.065907186,2.897600819,4.499966653,0.680524250,6.393604068,5.519733925,5.932563684,6.079327553,4.887145703,0.83,4.405145444,7.439855686,5.105874921,4.700103457,5.444572998,4.434642598,0.168,8.437480015,3.212626030,6.896901145,4.776903203,4.834430917,6.041385460,7.157305589,8.036588244,5.025106460,4.754259419,8.740967084
US ally,"Venezuela, RB",Venezuela,171,9.74,Democracy,2,10,8,7.24,0,6.76,9.68,7.19,0.689,5.51,10,8.27,0.88,6.6,7.656904023,6.012279445,2.93,6.34,0.844,5.42,9.692560949,5.99,4.727163268,5,4.55,0.561,9.53,5.917862647,9.68,5.4,8.07,8.03,9.71,9.58,7.65,8.07,9.83
not a US ally,Vietnam,Vietnam,172,7.851218973,Single-party rule,4,-1.364669095,-0.706539130,5.477589457,4.191200731,0,-0.102067564,3.445518985,0.219,0,-0.373579161,-0.231561497,0.88,5.411186904,0.821130290,5.724294111,7.34,2.55,0.12,3.2,5.951451741,2.84,5.328260103,2.5,3.74,0.076,6.830547803,-1.954490133,3.509142043,3.439181677,-0.114649581,3.861575666,4.834426402,5.478351738,0.95,-0.353210540,9.704126268
not a US ally,"Yemen, Rep.",Yemen,173,8.686476138,Personalist rule,6,7.644733236,1.035370981,5.135846428,-1.410058346,1.759021532,4.053295791,5.134114497,0.028,2.488369981,2.872736260,4.790980774,0.41,6.076586143,5.734735672,5.982396155,5.87,5.02,0.152,2.94,7.273908478,3.94,3.543026331,5.106736460,3,0.036,8.216628985,1.973728830,6.599345574,3.859108064,5.448595372,5.906320028,7.062449453,7.871695110,4.61,5.308056867,8.654886625
not a US ally,,Yemen People's Republic,174,8.649355650,Single-party rule,4,6.300111610,1.699655149,5.897546240,2.392233801,2.336803744,5.316401485,5.506573450,0.078,3.065907186,2.897600819,4.499966653,0.680524250,6.393604068,5.519733925,5.932563684,6.079327553,4.887145703,0.221,4.405145444,7.439855686,5.105874921,4.700103457,5.444572998,4.434642598,0.097,8.437480015,3.212626030,6.896901145,4.776903203,4.834430917,6.041385460,7.157305589,8.036588244,5.025106460,4.754259419,8.740967084
not a US ally,Zambia,Zambia,175,7.72,Multi-party authoritarian rule,5,0,2,6.137637135,10,1.83,7.33,5.33,0.276,1.66,0,2.396795120,0.71,3.45,4.076932213,5.704836654,6.74,6.07,0.481,4.17,6.272573086,5.63,6.119468881,5.380879800,4.7,0.199,8.3,3.018700127,7.33,6.4,2.843216100,5.07,5.13,4.51,2.65,2.651789548,9.11
not a US ally,,Zanzibar,176,8.649355650,Single-party rule,4,6.300111610,1.699655149,5.897546240,2.392233801,2.336803744,5.316401485,5.506573450,0.016,3.065907186,2.897600819,4.499966653,0.680524250,6.393604068,5.519733925,5.932563684,6.079327553,4.887145703,0.26,4.405145444,7.439855686,5.105874921,4.700103457,5.444572998,4.434642598,0.041,8.437480015,3.212626030,6.896901145,4.776903203,4.834430917,6.041385460,7.157305589,8.036588244,5.025106460,4.754259419,8.740967084
not a US ally,Zimbabwe,Zimbabwe,177,7.59,Other oligarchy,10,7.2,0.164110819,5.806267204,3,0.535314569,5.368353442,4.983551277,0.196,1.041202391,0,3.284083173,0.65,7.81,6.817807559,6.372513564,6.84,0.5,0.099,3.72,5.692493685,5.27,5.147718517,4.836547331,4.34,0.128,7.492881568,2.940671608,7.393947725,4.750613468,4.299367123,6.59,5.04,7.52,5.37,4.067936875,8.993655734
not a US ally,United Arab Emirates,United Arab Emirates,178,7.883239964,unknown,NA,8.920036053,1.186616109,4.578971407,-1.635512438,1.806293055,4.705108913,5.318298528,,2.371216881,3.102183414,5.550553286,0.29,6.321990957,6.984351105,5.804900587,7.42,4.408226986,,3.28,6.522117075,4.82,3.297957200,5.563633692,3.35,,7.542050942,3.229744238,7.077769569,4.057185116,6.938671058,6.276405894,6.520490089,7.322635384,5.128654440,6.661771216,7.942937614
not a US ally,"Bahamas, The","Bahamas, The",179,8.77,unknown,NA,7.2,0,7.506362600,6.740749707,0,9.74,6.444528335,,2.161352638,-0.672399107,3.98,0.88,7.929654392,8.271011677,6.864895007,6.896838827,6.959718830,,6.127875886,7.489257592,7.31,6.570835958,5.955041601,6.064304035,,10.045085949,10,9.48,6.624903160,4.73,7.775760296,9.03,9.3,7.359643796,4.73,9.75
not a US ally,Belize,Belize,180,8.53,unknown,NA,7.526887816,3.728437728,6.498266845,4.938870519,4.512455941,7.687107378,6.552628620,,5.312213245,5.318373907,6.115196316,0.88,6.550789561,6.172707795,5.631109110,7.221136518,6.551369318,,5.664333224,8.370304743,6.3,5.273427090,6.417458072,5.859747577,,8.981265133,5.845634576,7.754923840,5.902860693,6.148179594,6.456748993,8.74,8.95,6.257621683,6.155687693,8.277202139
not a US ally,Brunei Darussalam,Brunei Darussalam,181,8.613232790,unknown,NA,6.782913389,1.513113867,5.809335900,1.554684957,2.198155626,5.217802347,5.429512041,,2.926416792,2.936070317,4.594387266,0.59,6.567417046,5.877208943,6.037126335,5.680223809,4.482676092,,4.053845686,7.321476767,4.832953231,4.469859898,5.256021153,3.977203371,,8.369706784,2.946711155,7.015271738,4.579662752,5.005738538,6.219760411,7.130950528,7.984576006,5.083315439,4.910823459,8.823056052
not a US ally,Montenegro,Montenegro,182,8.751386044,Single-party rule,4,3.934816543,1.359973985,6.080078154,3.366050710,1.972736156,3.939502889,5.034850294,,2.722802103,2.463869791,3.203930655,0.82,6.090277178,3.880783248,5.883605482,5.801204710,4.246232148,,4.013544038,7.445759543,4.27,5.037535974,4.986403860,4.290440259,,8.284640884,1.712646012,5.913051153,4.497031600,3.157375470,5.386902032,6.889765615,7.590612952,4.024725852,3.092892818,9.203655044
